{"cameraMode":{"drawMode":0,"name":"Shaded","section":"Shading Mode"},"sceneLighting":false,"audioPlay":false,"sceneViewState":{"showFog":true,"showMaterialUpdate":false,"showSkybox":true,"showFlares":true,"showImageEffects":true,"showParticleSystems":true},"in2DMode":false,"pivot":{"x":-0.6892209053039551,"y":0.6848167181015015,"z":0.3843145966529846},"rotation":{"x":-0.09250141680240631,"y":0.7577205300331116,"z":-0.11011171340942383,"w":-0.6365364193916321},"size":3.125464916229248,"orthographic":false}