{"cameraMode":{"drawMode":0,"name":"Shaded","section":"Shading Mode"},"sceneLighting":false,"audioPlay":false,"sceneViewState":{"showFog":true,"showMaterialUpdate":false,"showSkybox":true,"showFlares":true,"showImageEffects":true,"showParticleSystems":true},"in2DMode":false,"pivot":{"x":2.786416530609131,"y":0.8876561522483826,"z":-0.18897247314453126},"rotation":{"x":-0.02812044881284237,"y":0.7984047532081604,"z":-0.03740021586418152,"w":-0.600300133228302},"size":3.4254655838012697,"orthographic":false}