{"cameraMode":{"drawMode":0,"name":"Shaded","section":"Shading Mode"},"sceneLighting":false,"audioPlay":false,"sceneViewState":{"showFog":true,"showMaterialUpdate":false,"showSkybox":true,"showFlares":true,"showImageEffects":true,"showParticleSystems":true},"in2DMode":false,"pivot":{"x":8.728410720825196,"y":2.582980155944824,"z":3.2065341472625734},"rotation":{"x":-0.09134527295827866,"y":0.6999393701553345,"z":-0.09101664274930954,"w":-0.7024649381637573},"size":-0.655927300453186,"orthographic":false}