{"cameraMode":{"drawMode":0,"name":"Shaded","section":"Shading Mode"},"sceneLighting":false,"audioPlay":false,"sceneViewState":{"showFog":true,"showMaterialUpdate":false,"showSkybox":true,"showFlares":true,"showImageEffects":true,"showParticleSystems":true},"in2DMode":false,"pivot":{"x":-0.00006252527236938477,"y":-0.0027045011520385744,"z":0.4144369959831238},"rotation":{"x":-0.07714848965406418,"y":0.7468357682228088,"z":-0.08801499754190445,"w":-0.6546280384063721},"size":2.2794744968414308,"orthographic":false}