{"cameraMode":{"drawMode":0,"name":"Shaded","section":"Shading Mode"},"sceneLighting":true,"audioPlay":false,"sceneViewState":{"showFog":true,"showMaterialUpdate":false,"showSkybox":true,"showFlares":true,"showImageEffects":true,"showParticleSystems":true},"in2DMode":false,"pivot":{"x":-0.23589390516281129,"y":-0.2388996183872223,"z":4.526242733001709},"rotation":{"x":-0.13189738988876344,"y":-0.01991095021367073,"z":0.0026501489337533714,"w":-0.9910606145858765},"size":17.410907745361329,"orthographic":false}